block_id,_block_lat,_block_lon,split,lat_min,lat_max,lon_min,lon_max,lat_center,lon_center,split_code
103_650,103,650,train,-38.5,-38.0,145.0,145.5,-38.25,145.25,1
103_651,103,651,train,-38.5,-38.0,145.5,146.0,-38.25,145.75,1
104_648,104,648,train,-38.0,-37.5,144.0,144.5,-37.75,144.25,1
105_224,105,224,train,-37.5,-37.0,-68.0,-67.5,-37.25,-67.75,1
105_648,105,648,train,-37.5,-37.0,144.0,144.5,-37.25,144.25,1
107_225,107,225,train,-36.5,-36.0,-67.5,-67.0,-36.25,-67.25,1
107_226,107,226,train,-36.5,-36.0,-67.0,-66.5,-36.25,-66.75,1
107_227,107,227,train,-36.5,-36.0,-66.5,-66.0,-36.25,-66.25,1
107_653,107,653,train,-36.5,-36.0,146.5,147.0,-36.25,146.75,1
107_654,107,654,train,-36.5,-36.0,147.0,147.5,-36.25,147.25,1
108_648,108,648,train,-36.0,-35.5,144.0,144.5,-35.75,144.25,1
108_656,108,656,train,-36.0,-35.5,148.0,148.5,-35.75,148.25,1
108_657,108,657,train,-36.0,-35.5,148.5,149.0,-35.75,148.75,1
109_244,109,244,train,-35.5,-35.0,-58.0,-57.5,-35.25,-57.75,1
109_647,109,647,train,-35.5,-35.0,143.5,144.0,-35.25,143.75,1
109_648,109,648,train,-35.5,-35.0,144.0,144.5,-35.25,144.25,1
109_651,109,651,train,-35.5,-35.0,145.5,146.0,-35.25,145.75,1
109_657,109,657,train,-35.5,-35.0,148.5,149.0,-35.25,148.75,1
109_658,109,658,train,-35.5,-35.0,149.0,149.5,-35.25,149.25,1
109_659,109,659,train,-35.5,-35.0,149.5,150.0,-35.25,149.75,1
110_647,110,647,train,-35.0,-34.5,143.5,144.0,-34.75,143.75,1
111_660,111,660,train,-34.5,-34.0,150.0,150.5,-34.25,150.25,1
112_595,112,595,test,-34.0,-33.5,117.5,118.0,-33.75,117.75,3
112_656,112,656,train,-34.0,-33.5,148.0,148.5,-33.75,148.25,1
112_660,112,660,val,-34.0,-33.5,150.0,150.5,-33.75,150.25,2
112_661,112,661,train,-34.0,-33.5,150.5,151.0,-33.75,150.75,1
113_661,113,661,train,-33.5,-33.0,150.5,151.0,-33.25,150.75,1
117_658,117,658,train,-31.5,-31.0,149.0,149.5,-31.25,149.25,1
127_603,127,603,val,-26.5,-26.0,121.5,122.0,-26.25,121.75,2
145_610,145,610,train,-17.5,-17.0,125.0,125.5,-17.25,125.25,1
148_616,148,616,train,-16.0,-15.5,128.0,128.5,-15.75,128.25,1
207_329,207,329,train,13.5,14.0,-15.5,-15.0,13.75,-15.25,1
210_330,210,330,train,15.0,15.5,-15.0,-14.5,15.25,-14.75,1
232_162,232,162,train,26.0,26.5,-99.0,-98.5,26.25,-98.75,1
235_163,235,163,train,27.5,28.0,-98.5,-98.0,27.75,-98.25,1
236_161,236,161,train,28.0,28.5,-99.5,-99.0,28.25,-99.25,1
236_163,236,163,train,28.0,28.5,-98.5,-98.0,28.25,-98.25,1
238_153,238,153,train,29.0,29.5,-103.5,-103.0,29.25,-103.25,1
239_159,239,159,train,29.5,30.0,-100.5,-100.0,29.75,-100.25,1
239_162,239,162,train,29.5,30.0,-99.0,-98.5,29.75,-98.75,1
239_163,239,163,train,29.5,30.0,-98.5,-98.0,29.75,-98.25,1
239_164,239,164,train,29.5,30.0,-98.0,-97.5,29.75,-97.75,1
239_167,239,167,train,29.5,30.0,-96.5,-96.0,29.75,-96.25,1
240_151,240,151,train,30.0,30.5,-104.5,-104.0,30.25,-104.25,1
240_153,240,153,train,30.0,30.5,-103.5,-103.0,30.25,-103.25,1
240_154,240,154,val,30.0,30.5,-103.0,-102.5,30.25,-102.75,2
240_156,240,156,train,30.0,30.5,-102.0,-101.5,30.25,-101.75,1
240_158,240,158,train,30.0,30.5,-101.0,-100.5,30.25,-100.75,1
240_160,240,160,train,30.0,30.5,-100.0,-99.5,30.25,-99.75,1
240_162,240,162,train,30.0,30.5,-99.0,-98.5,30.25,-98.75,1
240_165,240,165,train,30.0,30.5,-97.5,-97.0,30.25,-97.25,1
240_168,240,168,train,30.0,30.5,-96.0,-95.5,30.25,-95.75,1
240_169,240,169,train,30.0,30.5,-95.5,-95.0,30.25,-95.25,1
240_171,240,171,train,30.0,30.5,-94.5,-94.0,30.25,-94.25,1
241_152,241,152,train,30.5,31.0,-104.0,-103.5,30.75,-103.75,1
241_157,241,157,train,30.5,31.0,-101.5,-101.0,30.75,-101.25,1
241_161,241,161,val,30.5,31.0,-99.5,-99.0,30.75,-99.25,2
241_163,241,163,train,30.5,31.0,-98.5,-98.0,30.75,-98.25,1
241_168,241,168,train,30.5,31.0,-96.0,-95.5,30.75,-95.75,1
241_171,241,171,train,30.5,31.0,-94.5,-94.0,30.75,-94.25,1
241_172,241,172,train,30.5,31.0,-94.0,-93.5,30.75,-93.75,1
242_137,242,137,test,31.0,31.5,-111.5,-111.0,31.25,-111.25,3
242_139,242,139,train,31.0,31.5,-110.5,-110.0,31.25,-110.25,1
242_141,242,141,train,31.0,31.5,-109.5,-109.0,31.25,-109.25,1
242_158,242,158,train,31.0,31.5,-101.0,-100.5,31.25,-100.75,1
242_163,242,163,train,31.0,31.5,-98.5,-98.0,31.25,-98.25,1
242_165,242,165,train,31.0,31.5,-97.5,-97.0,31.25,-97.25,1
242_169,242,169,train,31.0,31.5,-95.5,-95.0,31.25,-95.25,1
242_170,242,170,train,31.0,31.5,-95.0,-94.5,31.25,-94.75,1
242_171,242,171,train,31.0,31.5,-94.5,-94.0,31.25,-94.25,1
243_141,243,141,train,31.5,32.0,-109.5,-109.0,31.75,-109.25,1
243_155,243,155,val,31.5,32.0,-102.5,-102.0,31.75,-102.25,2
243_158,243,158,train,31.5,32.0,-101.0,-100.5,31.75,-100.75,1
243_160,243,160,train,31.5,32.0,-100.0,-99.5,31.75,-99.75,1
243_162,243,162,test,31.5,32.0,-99.0,-98.5,31.75,-98.75,3
243_164,243,164,train,31.5,32.0,-98.0,-97.5,31.75,-97.75,1
243_168,243,168,train,31.5,32.0,-96.0,-95.5,31.75,-95.75,1
243_430,243,430,test,31.5,32.0,35.0,35.5,31.75,35.25,3
244_150,244,150,train,32.0,32.5,-105.0,-104.5,32.25,-104.75,1
244_152,244,152,train,32.0,32.5,-104.0,-103.5,32.25,-103.75,1
244_157,244,157,train,32.0,32.5,-101.5,-101.0,32.25,-101.25,1
244_159,244,159,train,32.0,32.5,-100.5,-100.0,32.25,-100.25,1
244_164,244,164,test,32.0,32.5,-98.0,-97.5,32.25,-97.75,3
244_170,244,170,train,32.0,32.5,-95.0,-94.5,32.25,-94.75,1
244_429,244,429,train,32.0,32.5,34.5,35.0,32.25,34.75,1
245_126,245,126,train,32.5,33.0,-117.0,-116.5,32.75,-116.75,1
245_127,245,127,train,32.5,33.0,-116.5,-116.0,32.75,-116.25,1
245_130,245,130,train,32.5,33.0,-115.0,-114.5,32.75,-114.75,1
245_139,245,139,test,32.5,33.0,-110.5,-110.0,32.75,-110.25,3
245_140,245,140,test,32.5,33.0,-110.0,-109.5,32.75,-109.75,3
245_141,245,141,train,32.5,33.0,-109.5,-109.0,32.75,-109.25,1
245_143,245,143,val,32.5,33.0,-108.5,-108.0,32.75,-108.25,2
245_148,245,148,test,32.5,33.0,-106.0,-105.5,32.75,-105.75,3
245_149,245,149,train,32.5,33.0,-105.5,-105.0,32.75,-105.25,1
245_151,245,151,train,32.5,33.0,-104.5,-104.0,32.75,-104.25,1
245_161,245,161,train,32.5,33.0,-99.5,-99.0,32.75,-99.25,1
245_162,245,162,train,32.5,33.0,-99.0,-98.5,32.75,-98.75,1
245_167,245,167,test,32.5,33.0,-96.5,-96.0,32.75,-96.25,3
245_169,245,169,train,32.5,33.0,-95.5,-95.0,32.75,-95.25,1
245_171,245,171,train,32.5,33.0,-94.5,-94.0,32.75,-94.25,1
246_125,246,125,train,33.0,33.5,-117.5,-117.0,33.25,-117.25,1
246_126,246,126,val,33.0,33.5,-117.0,-116.5,33.25,-116.75,2
246_138,246,138,test,33.0,33.5,-111.0,-110.5,33.25,-110.75,3
246_141,246,141,train,33.0,33.5,-109.5,-109.0,33.25,-109.25,1
246_157,246,157,val,33.0,33.5,-101.5,-101.0,33.25,-101.25,2
246_164,246,164,train,33.0,33.5,-98.0,-97.5,33.25,-97.75,1
247_126,247,126,val,33.5,34.0,-117.0,-116.5,33.75,-116.75,2
247_137,247,137,train,33.5,34.0,-111.5,-111.0,33.75,-111.25,1
247_138,247,138,test,33.5,34.0,-111.0,-110.5,33.75,-110.75,3
247_141,247,141,train,33.5,34.0,-109.5,-109.0,33.75,-109.25,1
247_142,247,142,train,33.5,34.0,-109.0,-108.5,33.75,-108.75,1
247_145,247,145,train,33.5,34.0,-107.5,-107.0,33.75,-107.25,1
247_147,247,147,train,33.5,34.0,-106.5,-106.0,33.75,-106.25,1
247_154,247,154,train,33.5,34.0,-103.0,-102.5,33.75,-102.75,1
247_163,247,163,train,33.5,34.0,-98.5,-98.0,33.75,-98.25,1
247_168,247,168,train,33.5,34.0,-96.0,-95.5,33.75,-95.75,1
247_169,247,169,train,33.5,34.0,-95.5,-95.0,33.75,-95.25,1
247_564,247,564,val,33.5,34.0,102.0,102.5,33.75,102.25,2
247_565,247,565,train,33.5,34.0,102.5,103.0,33.75,102.75,1
248_121,248,121,test,34.0,34.5,-119.5,-119.0,34.25,-119.25,3
248_122,248,122,train,34.0,34.5,-119.0,-118.5,34.25,-118.75,1
248_134,248,134,train,34.0,34.5,-113.0,-112.5,34.25,-112.75,1
248_137,248,137,train,34.0,34.5,-111.5,-111.0,34.25,-111.25,1
248_138,248,138,train,34.0,34.5,-111.0,-110.5,34.25,-110.75,1
248_141,248,141,train,34.0,34.5,-109.5,-109.0,34.25,-109.25,1
248_143,248,143,train,34.0,34.5,-108.5,-108.0,34.25,-108.25,1
248_144,248,144,train,34.0,34.5,-108.0,-107.5,34.25,-107.75,1
248_148,248,148,test,34.0,34.5,-106.0,-105.5,34.25,-105.75,3
248_159,248,159,train,34.0,34.5,-100.5,-100.0,34.25,-100.25,1
248_160,248,160,train,34.0,34.5,-100.0,-99.5,34.25,-99.75,1
249_121,249,121,train,34.5,35.0,-119.5,-119.0,34.75,-119.25,1
249_122,249,122,train,34.5,35.0,-119.0,-118.5,34.75,-118.75,1
249_134,249,134,train,34.5,35.0,-113.0,-112.5,34.75,-112.75,1
249_135,249,135,val,34.5,35.0,-112.5,-112.0,34.75,-112.25,2
249_136,249,136,train,34.5,35.0,-112.0,-111.5,34.75,-111.75,1
249_137,249,137,train,34.5,35.0,-111.5,-111.0,34.75,-111.25,1
249_142,249,142,val,34.5,35.0,-109.0,-108.5,34.75,-108.75,2
249_143,249,143,train,34.5,35.0,-108.5,-108.0,34.75,-108.25,1
249_144,249,144,train,34.5,35.0,-108.0,-107.5,34.75,-107.75,1
249_147,249,147,train,34.5,35.0,-106.5,-106.0,34.75,-106.25,1
249_156,249,156,train,34.5,35.0,-102.0,-101.5,34.75,-101.75,1
250_118,250,118,train,35.0,35.5,-121.0,-120.5,35.25,-120.75,1
250_119,250,119,train,35.0,35.5,-120.5,-120.0,35.25,-120.25,1
250_135,250,135,train,35.0,35.5,-112.5,-112.0,35.25,-112.25,1
250_136,250,136,train,35.0,35.5,-112.0,-111.5,35.25,-111.75,1
250_142,250,142,test,35.0,35.5,-109.0,-108.5,35.25,-108.75,3
251_123,251,123,train,35.5,36.0,-118.5,-118.0,35.75,-118.25,1
251_136,251,136,val,35.5,36.0,-112.0,-111.5,35.75,-111.75,2
251_141,251,141,train,35.5,36.0,-109.5,-109.0,35.75,-109.25,1
251_146,251,146,train,35.5,36.0,-107.0,-106.5,35.75,-106.75,1
251_147,251,147,train,35.5,36.0,-106.5,-106.0,35.75,-106.25,1
251_148,251,148,train,35.5,36.0,-106.0,-105.5,35.75,-105.75,1
251_149,251,149,train,35.5,36.0,-105.5,-105.0,35.75,-105.25,1
251_159,251,159,train,35.5,36.0,-100.5,-100.0,35.75,-100.25,1
252_122,252,122,train,36.0,36.5,-119.0,-118.5,36.25,-118.75,1
252_128,252,128,train,36.0,36.5,-116.0,-115.5,36.25,-115.75,1
252_132,252,132,train,36.0,36.5,-114.0,-113.5,36.25,-113.75,1
252_133,252,133,train,36.0,36.5,-113.5,-113.0,36.25,-113.25,1
252_135,252,135,val,36.0,36.5,-112.5,-112.0,36.25,-112.25,2
252_136,252,136,train,36.0,36.5,-112.0,-111.5,36.25,-111.75,1
252_142,252,142,train,36.0,36.5,-109.0,-108.5,36.25,-108.75,1
252_144,252,144,train,36.0,36.5,-108.0,-107.5,36.25,-107.75,1
252_146,252,146,train,36.0,36.5,-107.0,-106.5,36.25,-106.75,1
252_147,252,147,test,36.0,36.5,-106.5,-106.0,36.25,-106.25,3
252_148,252,148,train,36.0,36.5,-106.0,-105.5,36.25,-105.75,1
252_197,252,197,val,36.0,36.5,-81.5,-81.0,36.25,-81.25,2
252_419,252,419,train,36.0,36.5,29.5,30.0,36.25,29.75,1
252_561,252,561,val,36.0,36.5,100.5,101.0,36.25,100.75,2
252_562,252,562,train,36.0,36.5,101.0,101.5,36.25,101.25,1
253_122,253,122,train,36.5,37.0,-119.0,-118.5,36.75,-118.75,1
253_132,253,132,test,36.5,37.0,-114.0,-113.5,36.75,-113.75,3
253_135,253,135,train,36.5,37.0,-112.5,-112.0,36.75,-112.25,1
253_144,253,144,train,36.5,37.0,-108.0,-107.5,36.75,-107.75,1
253_145,253,145,val,36.5,37.0,-107.5,-107.0,36.75,-107.25,2
253_147,253,147,train,36.5,37.0,-106.5,-106.0,36.75,-106.25,1
253_148,253,148,train,36.5,37.0,-106.0,-105.5,36.75,-105.75,1
253_149,253,149,val,36.5,37.0,-105.5,-105.0,36.75,-105.25,2
253_546,253,546,train,36.5,37.0,93.0,93.5,36.75,93.25,1
253_559,253,559,test,36.5,37.0,99.5,100.0,36.75,99.75,3
253_561,253,561,train,36.5,37.0,100.5,101.0,36.75,100.75,1
254_116,254,116,test,37.0,37.5,-122.0,-121.5,37.25,-121.75,3
254_120,254,120,train,37.0,37.5,-120.0,-119.5,37.25,-119.75,1
254_121,254,121,train,37.0,37.5,-119.5,-119.0,37.25,-119.25,1
254_130,254,130,train,37.0,37.5,-115.0,-114.5,37.25,-114.75,1
254_133,254,133,train,37.0,37.5,-113.5,-113.0,37.25,-113.25,1
254_142,254,142,train,37.0,37.5,-109.0,-108.5,37.25,-108.75,1
254_143,254,143,train,37.0,37.5,-108.5,-108.0,37.25,-108.25,1
254_144,254,144,train,37.0,37.5,-108.0,-107.5,37.25,-107.75,1
254_145,254,145,train,37.0,37.5,-107.5,-107.0,37.25,-107.25,1
254_147,254,147,train,37.0,37.5,-106.5,-106.0,37.25,-106.25,1
254_153,254,153,train,37.0,37.5,-103.5,-103.0,37.25,-103.25,1
254_154,254,154,train,37.0,37.5,-103.0,-102.5,37.25,-102.75,1
254_156,254,156,train,37.0,37.5,-102.0,-101.5,37.25,-101.75,1
254_557,254,557,train,37.0,37.5,98.5,99.0,37.25,98.75,1
254_558,254,558,train,37.0,37.5,99.0,99.5,37.25,99.25,1
254_559,254,559,train,37.0,37.5,99.5,100.0,37.25,99.75,1
254_560,254,560,train,37.0,37.5,100.0,100.5,37.25,100.25,1
254_561,254,561,train,37.0,37.5,100.5,101.0,37.25,100.75,1
255_116,255,116,train,37.5,38.0,-122.0,-121.5,37.75,-121.75,1
255_119,255,119,train,37.5,38.0,-120.5,-120.0,37.75,-120.25,1
255_120,255,120,train,37.5,38.0,-120.0,-119.5,37.75,-119.75,1
255_121,255,121,train,37.5,38.0,-119.5,-119.0,37.75,-119.25,1
255_122,255,122,train,37.5,38.0,-119.0,-118.5,37.75,-118.75,1
255_131,255,131,train,37.5,38.0,-114.5,-114.0,37.75,-114.25,1
255_132,255,132,train,37.5,38.0,-114.0,-113.5,37.75,-113.75,1
255_134,255,134,train,37.5,38.0,-113.0,-112.5,37.75,-112.75,1
255_135,255,135,train,37.5,38.0,-112.5,-112.0,37.75,-112.25,1
255_136,255,136,test,37.5,38.0,-112.0,-111.5,37.75,-111.75,3
255_140,255,140,train,37.5,38.0,-110.0,-109.5,37.75,-109.75,1
255_142,255,142,train,37.5,38.0,-109.0,-108.5,37.75,-108.75,1
255_146,255,146,train,37.5,38.0,-107.0,-106.5,37.75,-106.75,1
255_149,255,149,train,37.5,38.0,-105.5,-105.0,37.75,-105.25,1
255_151,255,151,train,37.5,38.0,-104.5,-104.0,37.75,-104.25,1
255_152,255,152,train,37.5,38.0,-104.0,-103.5,37.75,-103.75,1
255_348,255,348,train,37.5,38.0,-6.0,-5.5,37.75,-5.75,1
255_556,255,556,train,37.5,38.0,98.0,98.5,37.75,98.25,1
255_557,255,557,train,37.5,38.0,98.5,99.0,37.75,98.75,1
255_559,255,559,train,37.5,38.0,99.5,100.0,37.75,99.75,1
255_560,255,560,train,37.5,38.0,100.0,100.5,37.75,100.25,1
256_118,256,118,val,38.0,38.5,-121.0,-120.5,38.25,-120.75,2
256_119,256,119,test,38.0,38.5,-120.5,-120.0,38.25,-120.25,3
256_121,256,121,train,38.0,38.5,-119.5,-119.0,38.25,-119.25,1
256_132,256,132,train,38.0,38.5,-114.0,-113.5,38.25,-113.75,1
256_134,256,134,test,38.0,38.5,-113.0,-112.5,38.25,-112.75,3
256_135,256,135,train,38.0,38.5,-112.5,-112.0,38.25,-112.25,1
256_137,256,137,train,38.0,38.5,-111.5,-111.0,38.25,-111.25,1
256_138,256,138,train,38.0,38.5,-111.0,-110.5,38.25,-110.75,1
256_141,256,141,val,38.0,38.5,-109.5,-109.0,38.25,-109.25,2
256_143,256,143,train,38.0,38.5,-108.5,-108.0,38.25,-108.25,1
256_144,256,144,train,38.0,38.5,-108.0,-107.5,38.25,-107.75,1
256_145,256,145,train,38.0,38.5,-107.5,-107.0,38.25,-107.25,1
256_146,256,146,train,38.0,38.5,-107.0,-106.5,38.25,-106.75,1
256_147,256,147,test,38.0,38.5,-106.5,-106.0,38.25,-106.25,3
256_148,256,148,train,38.0,38.5,-106.0,-105.5,38.25,-105.75,1
256_149,256,149,train,38.0,38.5,-105.5,-105.0,38.25,-105.25,1
256_150,256,150,train,38.0,38.5,-105.0,-104.5,38.25,-104.75,1
256_201,256,201,train,38.0,38.5,-79.5,-79.0,38.25,-79.25,1
256_351,256,351,val,38.0,38.5,-4.5,-4.0,38.25,-4.25,2
256_356,256,356,test,38.0,38.5,-2.0,-1.5,38.25,-1.75,3
256_413,256,413,train,38.0,38.5,26.5,27.0,38.25,26.75,1
256_414,256,414,train,38.0,38.5,27.0,27.5,38.25,27.25,1
256_416,256,416,train,38.0,38.5,28.0,28.5,38.25,28.25,1
256_556,256,556,train,38.0,38.5,98.0,98.5,38.25,98.25,1
257_114,257,114,val,38.5,39.0,-123.0,-122.5,38.75,-122.75,2
257_117,257,117,train,38.5,39.0,-121.5,-121.0,38.75,-121.25,1
257_118,257,118,train,38.5,39.0,-121.0,-120.5,38.75,-120.75,1
257_119,257,119,train,38.5,39.0,-120.5,-120.0,38.75,-120.25,1
257_120,257,120,train,38.5,39.0,-120.0,-119.5,38.75,-119.75,1
257_129,257,129,train,38.5,39.0,-115.5,-115.0,38.75,-115.25,1
257_130,257,130,train,38.5,39.0,-115.0,-114.5,38.75,-114.75,1
257_134,257,134,train,38.5,39.0,-113.0,-112.5,38.75,-112.75,1
257_135,257,135,train,38.5,39.0,-112.5,-112.0,38.75,-112.25,1
257_136,257,136,train,38.5,39.0,-112.0,-111.5,38.75,-111.75,1
257_142,257,142,train,38.5,39.0,-109.0,-108.5,38.75,-108.75,1
257_143,257,143,train,38.5,39.0,-108.5,-108.0,38.75,-108.25,1
257_144,257,144,train,38.5,39.0,-108.0,-107.5,38.75,-107.75,1
257_147,257,147,train,38.5,39.0,-106.5,-106.0,38.75,-106.25,1
257_148,257,148,train,38.5,39.0,-106.0,-105.5,38.75,-105.75,1
257_149,257,149,train,38.5,39.0,-105.5,-105.0,38.75,-105.25,1
257_203,257,203,train,38.5,39.0,-78.5,-78.0,38.75,-78.25,1
257_358,257,358,train,38.5,39.0,-1.0,-0.5,38.75,-0.75,1
257_359,257,359,test,38.5,39.0,-0.5,0.0,38.75,-0.25,3
258_113,258,113,train,39.0,39.5,-123.5,-123.0,39.25,-123.25,1
258_114,258,114,train,39.0,39.5,-123.0,-122.5,39.25,-122.75,1
258_115,258,115,test,39.0,39.5,-122.5,-122.0,39.25,-122.25,3
258_117,258,117,test,39.0,39.5,-121.5,-121.0,39.25,-121.25,3
258_118,258,118,train,39.0,39.5,-121.0,-120.5,39.25,-120.75,1
258_119,258,119,train,39.0,39.5,-120.5,-120.0,39.25,-120.25,1
258_120,258,120,test,39.0,39.5,-120.0,-119.5,39.25,-119.75,3
258_124,258,124,train,39.0,39.5,-118.0,-117.5,39.25,-117.75,1
258_126,258,126,val,39.0,39.5,-117.0,-116.5,39.25,-116.75,2
258_128,258,128,train,39.0,39.5,-116.0,-115.5,39.25,-115.75,1
258_130,258,130,train,39.0,39.5,-115.0,-114.5,39.25,-114.75,1
258_133,258,133,train,39.0,39.5,-113.5,-113.0,39.25,-113.25,1
258_136,258,136,val,39.0,39.5,-112.0,-111.5,39.25,-111.75,2
258_137,258,137,test,39.0,39.5,-111.5,-111.0,39.25,-111.25,3
258_138,258,138,train,39.0,39.5,-111.0,-110.5,39.25,-110.75,1
258_141,258,141,test,39.0,39.5,-109.5,-109.0,39.25,-109.25,3
258_143,258,143,test,39.0,39.5,-108.5,-108.0,39.25,-108.25,3
258_144,258,144,train,39.0,39.5,-108.0,-107.5,39.25,-107.75,1
258_145,258,145,train,39.0,39.5,-107.5,-107.0,39.25,-107.25,1
258_147,258,147,train,39.0,39.5,-106.5,-106.0,39.25,-106.25,1
258_148,258,148,train,39.0,39.5,-106.0,-105.5,39.25,-105.75,1
258_149,258,149,train,39.0,39.5,-105.5,-105.0,39.25,-105.25,1
258_150,258,150,train,39.0,39.5,-105.0,-104.5,39.25,-104.75,1
258_350,258,350,train,39.0,39.5,-5.0,-4.5,39.25,-4.75,1
258_351,258,351,train,39.0,39.5,-4.5,-4.0,39.25,-4.25,1
258_358,258,358,train,39.0,39.5,-1.0,-0.5,39.25,-0.75,1
258_359,258,359,test,39.0,39.5,-0.5,0.0,39.25,-0.25,3
259_113,259,113,train,39.5,40.0,-123.5,-123.0,39.75,-123.25,1
259_114,259,114,train,39.5,40.0,-123.0,-122.5,39.75,-122.75,1
259_116,259,116,train,39.5,40.0,-122.0,-121.5,39.75,-121.75,1
259_117,259,117,train,39.5,40.0,-121.5,-121.0,39.75,-121.25,1
259_118,259,118,train,39.5,40.0,-121.0,-120.5,39.75,-120.75,1
259_119,259,119,train,39.5,40.0,-120.5,-120.0,39.75,-120.25,1
259_120,259,120,train,39.5,40.0,-120.0,-119.5,39.75,-119.75,1
259_125,259,125,train,39.5,40.0,-117.5,-117.0,39.75,-117.25,1
259_135,259,135,train,39.5,40.0,-112.5,-112.0,39.75,-112.25,1
259_137,259,137,train,39.5,40.0,-111.5,-111.0,39.75,-111.25,1
259_138,259,138,val,39.5,40.0,-111.0,-110.5,39.75,-110.75,2
259_139,259,139,val,39.5,40.0,-110.5,-110.0,39.75,-110.25,2
259_142,259,142,train,39.5,40.0,-109.0,-108.5,39.75,-108.75,1
259_144,259,144,train,39.5,40.0,-108.0,-107.5,39.75,-107.75,1
259_147,259,147,test,39.5,40.0,-106.5,-106.0,39.75,-106.25,3
259_148,259,148,train,39.5,40.0,-106.0,-105.5,39.75,-105.75,1
259_149,259,149,train,39.5,40.0,-105.5,-105.0,39.75,-105.25,1
259_348,259,348,val,39.5,40.0,-6.0,-5.5,39.75,-5.75,2
260_112,260,112,val,40.0,40.5,-124.0,-123.5,40.25,-123.75,2
260_113,260,113,train,40.0,40.5,-123.5,-123.0,40.25,-123.25,1
260_116,260,116,train,40.0,40.5,-122.0,-121.5,40.25,-121.75,1
260_117,260,117,train,40.0,40.5,-121.5,-121.0,40.25,-121.25,1
260_118,260,118,train,40.0,40.5,-121.0,-120.5,40.25,-120.75,1
260_119,260,119,train,40.0,40.5,-120.5,-120.0,40.25,-120.25,1
260_124,260,124,train,40.0,40.5,-118.0,-117.5,40.25,-117.75,1
260_126,260,126,train,40.0,40.5,-117.0,-116.5,40.25,-116.75,1
260_134,260,134,train,40.0,40.5,-113.0,-112.5,40.25,-112.75,1
260_135,260,135,train,40.0,40.5,-112.5,-112.0,40.25,-112.25,1
260_136,260,136,test,40.0,40.5,-112.0,-111.5,40.25,-111.75,3
260_139,260,139,train,40.0,40.5,-110.5,-110.0,40.25,-110.25,1
260_141,260,141,train,40.0,40.5,-109.5,-109.0,40.25,-109.25,1
260_142,260,142,train,40.0,40.5,-109.0,-108.5,40.25,-108.75,1
260_143,260,143,val,40.0,40.5,-108.5,-108.0,40.25,-108.25,2
260_144,260,144,train,40.0,40.5,-108.0,-107.5,40.25,-107.75,1
260_145,260,145,train,40.0,40.5,-107.5,-107.0,40.25,-107.25,1
260_146,260,146,train,40.0,40.5,-107.0,-106.5,40.25,-106.75,1
260_148,260,148,train,40.0,40.5,-106.0,-105.5,40.25,-105.75,1
260_149,260,149,train,40.0,40.5,-105.5,-105.0,40.25,-105.25,1
260_351,260,351,train,40.0,40.5,-4.5,-4.0,40.25,-4.25,1
261_112,261,112,train,40.5,41.0,-124.0,-123.5,40.75,-123.75,1
261_113,261,113,train,40.5,41.0,-123.5,-123.0,40.75,-123.25,1
261_114,261,114,val,40.5,41.0,-123.0,-122.5,40.75,-122.75,2
261_115,261,115,train,40.5,41.0,-122.5,-122.0,40.75,-122.25,1
261_116,261,116,train,40.5,41.0,-122.0,-121.5,40.75,-121.75,1
261_117,261,117,train,40.5,41.0,-121.5,-121.0,40.75,-121.25,1
261_118,261,118,train,40.5,41.0,-121.0,-120.5,40.75,-120.75,1
261_119,261,119,train,40.5,41.0,-120.5,-120.0,40.75,-120.25,1
261_124,261,124,train,40.5,41.0,-118.0,-117.5,40.75,-117.75,1
261_126,261,126,train,40.5,41.0,-117.0,-116.5,40.75,-116.75,1
261_127,261,127,test,40.5,41.0,-116.5,-116.0,40.75,-116.25,3
261_128,261,128,train,40.5,41.0,-116.0,-115.5,40.75,-115.75,1
261_134,261,134,val,40.5,41.0,-113.0,-112.5,40.75,-112.75,2
261_137,261,137,train,40.5,41.0,-111.5,-111.0,40.75,-111.25,1
261_138,261,138,train,40.5,41.0,-111.0,-110.5,40.75,-110.75,1
261_139,261,139,train,40.5,41.0,-110.5,-110.0,40.75,-110.25,1
261_140,261,140,test,40.5,41.0,-110.0,-109.5,40.75,-109.75,3
261_141,261,141,val,40.5,41.0,-109.5,-109.0,40.75,-109.25,2
261_142,261,142,train,40.5,41.0,-109.0,-108.5,40.75,-108.75,1
261_144,261,144,train,40.5,41.0,-108.0,-107.5,40.75,-107.75,1
261_146,261,146,train,40.5,41.0,-107.0,-106.5,40.75,-106.75,1
261_147,261,147,train,40.5,41.0,-106.5,-106.0,40.75,-106.25,1
261_148,261,148,train,40.5,41.0,-106.0,-105.5,40.75,-105.75,1
261_350,261,350,train,40.5,41.0,-5.0,-4.5,40.75,-4.75,1
261_351,261,351,val,40.5,41.0,-4.5,-4.0,40.75,-4.25,2
261_352,261,352,test,40.5,41.0,-4.0,-3.5,40.75,-3.75,3
261_353,261,353,train,40.5,41.0,-3.5,-3.0,40.75,-3.25,1
262_112,262,112,train,41.0,41.5,-124.0,-123.5,41.25,-123.75,1
262_113,262,113,train,41.0,41.5,-123.5,-123.0,41.25,-123.25,1
262_115,262,115,train,41.0,41.5,-122.5,-122.0,41.25,-122.25,1
262_117,262,117,val,41.0,41.5,-121.5,-121.0,41.25,-121.25,2
262_118,262,118,train,41.0,41.5,-121.0,-120.5,41.25,-120.75,1
262_119,262,119,val,41.0,41.5,-120.5,-120.0,41.25,-120.25,2
262_129,262,129,test,41.0,41.5,-115.5,-115.0,41.25,-115.25,3
262_130,262,130,train,41.0,41.5,-115.0,-114.5,41.25,-114.75,1
262_136,262,136,train,41.0,41.5,-112.0,-111.5,41.25,-111.75,1
262_137,262,137,train,41.0,41.5,-111.5,-111.0,41.25,-111.25,1
262_138,262,138,train,41.0,41.5,-111.0,-110.5,41.25,-110.75,1
262_141,262,141,train,41.0,41.5,-109.5,-109.0,41.25,-109.25,1
262_144,262,144,train,41.0,41.5,-108.0,-107.5,41.25,-107.75,1
262_145,262,145,val,41.0,41.5,-107.5,-107.0,41.25,-107.25,2
262_147,262,147,train,41.0,41.5,-106.5,-106.0,41.25,-106.25,1
262_149,262,149,train,41.0,41.5,-105.5,-105.0,41.25,-105.25,1
262_168,262,168,train,41.0,41.5,-96.0,-95.5,41.25,-95.75,1
262_357,262,357,val,41.0,41.5,-1.5,-1.0,41.25,-1.25,2
263_113,263,113,train,41.5,42.0,-123.5,-123.0,41.75,-123.25,1
263_114,263,114,train,41.5,42.0,-123.0,-122.5,41.75,-122.75,1
263_115,263,115,train,41.5,42.0,-122.5,-122.0,41.75,-122.25,1
263_116,263,116,train,41.5,42.0,-122.0,-121.5,41.75,-121.75,1
263_117,263,117,train,41.5,42.0,-121.5,-121.0,41.75,-121.25,1
263_118,263,118,train,41.5,42.0,-121.0,-120.5,41.75,-120.75,1
263_119,263,119,train,41.5,42.0,-120.5,-120.0,41.75,-120.25,1
263_120,263,120,train,41.5,42.0,-120.0,-119.5,41.75,-119.75,1
263_124,263,124,train,41.5,42.0,-118.0,-117.5,41.75,-117.75,1
263_132,263,132,val,41.5,42.0,-114.0,-113.5,41.75,-113.75,2
263_133,263,133,train,41.5,42.0,-113.5,-113.0,41.75,-113.25,1
263_136,263,136,train,41.5,42.0,-112.0,-111.5,41.75,-111.75,1
263_137,263,137,train,41.5,42.0,-111.5,-111.0,41.75,-111.25,1
263_138,263,138,train,41.5,42.0,-111.0,-110.5,41.75,-110.75,1
263_139,263,139,train,41.5,42.0,-110.5,-110.0,41.75,-110.25,1
263_145,263,145,train,41.5,42.0,-107.5,-107.0,41.75,-107.25,1
263_147,263,147,train,41.5,42.0,-106.5,-106.0,41.75,-106.25,1
263_159,263,159,test,41.5,42.0,-100.5,-100.0,41.75,-100.25,3
263_168,263,168,train,41.5,42.0,-96.0,-95.5,41.75,-95.75,1
263_343,263,343,train,41.5,42.0,-8.5,-8.0,41.75,-8.25,1
263_361,263,361,train,41.5,42.0,0.5,1.0,41.75,0.75,1
263_362,263,362,test,41.5,42.0,1.0,1.5,41.75,1.25,3
263_363,263,363,train,41.5,42.0,1.5,2.0,41.75,1.75,1
264_113,264,113,train,42.0,42.5,-123.5,-123.0,42.25,-123.25,1
264_117,264,117,train,42.0,42.5,-121.5,-121.0,42.25,-121.25,1
264_119,264,119,train,42.0,42.5,-120.5,-120.0,42.25,-120.25,1
264_120,264,120,test,42.0,42.5,-120.0,-119.5,42.25,-119.75,3
264_122,264,122,train,42.0,42.5,-119.0,-118.5,42.25,-118.75,1
264_124,264,124,val,42.0,42.5,-118.0,-117.5,42.25,-117.75,2
264_128,264,128,train,42.0,42.5,-116.0,-115.5,42.25,-115.75,1
264_129,264,129,train,42.0,42.5,-115.5,-115.0,42.25,-115.25,1
264_131,264,131,train,42.0,42.5,-114.5,-114.0,42.25,-114.25,1
264_132,264,132,train,42.0,42.5,-114.0,-113.5,42.25,-113.75,1
264_133,264,133,train,42.0,42.5,-113.5,-113.0,42.25,-113.25,1
264_134,264,134,train,42.0,42.5,-113.0,-112.5,42.25,-112.75,1
264_138,264,138,train,42.0,42.5,-111.0,-110.5,42.25,-110.75,1
264_139,264,139,train,42.0,42.5,-110.5,-110.0,42.25,-110.25,1
264_142,264,142,train,42.0,42.5,-109.0,-108.5,42.25,-108.75,1
264_144,264,144,train,42.0,42.5,-108.0,-107.5,42.25,-107.75,1
264_149,264,149,train,42.0,42.5,-105.5,-105.0,42.25,-105.25,1
264_343,264,343,train,42.0,42.5,-8.5,-8.0,42.25,-8.25,1
264_358,264,358,train,42.0,42.5,-1.0,-0.5,42.25,-0.75,1
264_359,264,359,train,42.0,42.5,-0.5,0.0,42.25,-0.25,1
264_363,264,363,train,42.0,42.5,1.5,2.0,42.25,1.75,1
265_115,265,115,train,42.5,43.0,-122.5,-122.0,42.75,-122.25,1
265_116,265,116,train,42.5,43.0,-122.0,-121.5,42.75,-121.75,1
265_120,265,120,train,42.5,43.0,-120.0,-119.5,42.75,-119.75,1
265_124,265,124,train,42.5,43.0,-118.0,-117.5,42.75,-117.75,1
265_125,265,125,test,42.5,43.0,-117.5,-117.0,42.75,-117.25,3
265_126,265,126,train,42.5,43.0,-117.0,-116.5,42.75,-116.75,1
265_129,265,129,train,42.5,43.0,-115.5,-115.0,42.75,-115.25,1
265_131,265,131,train,42.5,43.0,-114.5,-114.0,42.75,-114.25,1
265_136,265,136,train,42.5,43.0,-112.0,-111.5,42.75,-111.75,1
265_139,265,139,val,42.5,43.0,-110.5,-110.0,42.75,-110.25,2
265_140,265,140,train,42.5,43.0,-110.0,-109.5,42.75,-109.75,1
265_141,265,141,test,42.5,43.0,-109.5,-109.0,42.75,-109.25,3
265_142,265,142,train,42.5,43.0,-109.0,-108.5,42.75,-108.75,1
265_143,265,143,train,42.5,43.0,-108.5,-108.0,42.75,-108.25,1
265_147,265,147,train,42.5,43.0,-106.5,-106.0,42.75,-106.25,1
265_154,265,154,train,42.5,43.0,-103.0,-102.5,42.75,-102.75,1
265_166,265,166,train,42.5,43.0,-97.0,-96.5,42.75,-96.75,1
265_345,265,345,train,42.5,43.0,-7.5,-7.0,42.75,-7.25,1
266_118,266,118,train,43.0,43.5,-121.0,-120.5,43.25,-120.75,1
266_121,266,121,val,43.0,43.5,-119.5,-119.0,43.25,-119.25,2
266_128,266,128,val,43.0,43.5,-116.0,-115.5,43.25,-115.75,2
266_129,266,129,val,43.0,43.5,-115.5,-115.0,43.25,-115.25,2
266_131,266,131,val,43.0,43.5,-114.5,-114.0,43.25,-114.25,2
266_134,266,134,train,43.0,43.5,-113.0,-112.5,43.25,-112.75,1
266_136,266,136,train,43.0,43.5,-112.0,-111.5,43.25,-111.75,1
266_139,266,139,train,43.0,43.5,-110.5,-110.0,43.25,-110.25,1
266_147,266,147,train,43.0,43.5,-106.5,-106.0,43.25,-106.25,1
266_149,266,149,train,43.0,43.5,-105.5,-105.0,43.25,-105.25,1
266_151,266,151,val,43.0,43.5,-104.5,-104.0,43.25,-104.25,2
266_152,266,152,train,43.0,43.5,-104.0,-103.5,43.25,-103.75,1
266_344,266,344,train,43.0,43.5,-8.0,-7.5,43.25,-7.75,1
267_119,267,119,train,43.5,44.0,-120.5,-120.0,43.75,-120.25,1
267_120,267,120,test,43.5,44.0,-120.0,-119.5,43.75,-119.75,3
267_122,267,122,train,43.5,44.0,-119.0,-118.5,43.75,-118.75,1
267_124,267,124,train,43.5,44.0,-118.0,-117.5,43.75,-117.75,1
267_125,267,125,train,43.5,44.0,-117.5,-117.0,43.75,-117.25,1
267_126,267,126,test,43.5,44.0,-117.0,-116.5,43.75,-116.75,3
267_128,267,128,test,43.5,44.0,-116.0,-115.5,43.75,-115.75,3
267_129,267,129,train,43.5,44.0,-115.5,-115.0,43.75,-115.25,1
267_130,267,130,train,43.5,44.0,-115.0,-114.5,43.75,-114.75,1
267_131,267,131,test,43.5,44.0,-114.5,-114.0,43.75,-114.25,3
267_137,267,137,train,43.5,44.0,-111.5,-111.0,43.75,-111.25,1
267_138,267,138,test,43.5,44.0,-111.0,-110.5,43.75,-110.75,3
267_139,267,139,train,43.5,44.0,-110.5,-110.0,43.75,-110.25,1
267_140,267,140,train,43.5,44.0,-110.0,-109.5,43.75,-109.75,1
267_141,267,141,train,43.5,44.0,-109.5,-109.0,43.75,-109.25,1
267_142,267,142,train,43.5,44.0,-109.0,-108.5,43.75,-108.75,1
267_144,267,144,train,43.5,44.0,-108.0,-107.5,43.75,-107.75,1
267_145,267,145,train,43.5,44.0,-107.5,-107.0,43.75,-107.25,1
267_151,267,151,train,43.5,44.0,-104.5,-104.0,43.75,-104.25,1
267_152,267,152,train,43.5,44.0,-104.0,-103.5,43.75,-103.75,1
267_153,267,153,train,43.5,44.0,-103.5,-103.0,43.75,-103.25,1
267_188,267,188,train,43.5,44.0,-86.0,-85.5,43.75,-85.75,1
268_117,268,117,train,44.0,44.5,-121.5,-121.0,44.25,-121.25,1
268_118,268,118,train,44.0,44.5,-121.0,-120.5,44.25,-120.75,1
268_125,268,125,train,44.0,44.5,-117.5,-117.0,44.25,-117.25,1
268_129,268,129,train,44.0,44.5,-115.5,-115.0,44.25,-115.25,1
268_130,268,130,test,44.0,44.5,-115.0,-114.5,44.25,-114.75,3
268_131,268,131,train,44.0,44.5,-114.5,-114.0,44.25,-114.25,1
268_132,268,132,train,44.0,44.5,-114.0,-113.5,44.25,-113.75,1
268_135,268,135,val,44.0,44.5,-112.5,-112.0,44.25,-112.25,2
268_136,268,136,train,44.0,44.5,-112.0,-111.5,44.25,-111.75,1
268_138,268,138,train,44.0,44.5,-111.0,-110.5,44.25,-110.75,1
268_140,268,140,train,44.0,44.5,-110.0,-109.5,44.25,-109.75,1
268_141,268,141,train,44.0,44.5,-109.5,-109.0,44.25,-109.25,1
268_142,268,142,test,44.0,44.5,-109.0,-108.5,44.25,-108.75,3
268_144,268,144,train,44.0,44.5,-108.0,-107.5,44.25,-107.75,1
268_146,268,146,train,44.0,44.5,-107.0,-106.5,44.25,-106.75,1
268_147,268,147,test,44.0,44.5,-106.5,-106.0,44.25,-106.25,3
268_151,268,151,train,44.0,44.5,-104.5,-104.0,44.25,-104.25,1
268_152,268,152,train,44.0,44.5,-104.0,-103.5,44.25,-103.75,1
268_153,268,153,train,44.0,44.5,-103.5,-103.0,44.25,-103.25,1
268_180,268,180,train,44.0,44.5,-90.0,-89.5,44.25,-89.75,1
268_192,268,192,train,44.0,44.5,-84.0,-83.5,44.25,-83.75,1
268_193,268,193,train,44.0,44.5,-83.5,-83.0,44.25,-83.25,1
269_118,269,118,train,44.5,45.0,-121.0,-120.5,44.75,-120.75,1
269_123,269,123,train,44.5,45.0,-118.5,-118.0,44.75,-118.25,1
269_124,269,124,train,44.5,45.0,-118.0,-117.5,44.75,-117.75,1
269_125,269,125,train,44.5,45.0,-117.5,-117.0,44.75,-117.25,1
269_126,269,126,train,44.5,45.0,-117.0,-116.5,44.75,-116.75,1
269_127,269,127,val,44.5,45.0,-116.5,-116.0,44.75,-116.25,2
269_128,269,128,test,44.5,45.0,-116.0,-115.5,44.75,-115.75,3
269_131,269,131,train,44.5,45.0,-114.5,-114.0,44.75,-114.25,1
269_132,269,132,train,44.5,45.0,-114.0,-113.5,44.75,-113.75,1
269_133,269,133,train,44.5,45.0,-113.5,-113.0,44.75,-113.25,1
269_137,269,137,train,44.5,45.0,-111.5,-111.0,44.75,-111.25,1
269_138,269,138,test,44.5,45.0,-111.0,-110.5,44.75,-110.75,3
269_139,269,139,train,44.5,45.0,-110.5,-110.0,44.75,-110.25,1
269_140,269,140,train,44.5,45.0,-110.0,-109.5,44.75,-109.75,1
269_141,269,141,train,44.5,45.0,-109.5,-109.0,44.75,-109.25,1
269_143,269,143,train,44.5,45.0,-108.5,-108.0,44.75,-108.25,1
269_144,269,144,train,44.5,45.0,-108.0,-107.5,44.75,-107.75,1
269_145,269,145,train,44.5,45.0,-107.5,-107.0,44.75,-107.25,1
269_149,269,149,val,44.5,45.0,-105.5,-105.0,44.75,-105.25,2
269_151,269,151,train,44.5,45.0,-104.5,-104.0,44.75,-104.25,1
269_191,269,191,train,44.5,45.0,-84.5,-84.0,44.75,-84.25,1
269_192,269,192,train,44.5,45.0,-84.0,-83.5,44.75,-83.75,1
270_118,270,118,train,45.0,45.5,-121.0,-120.5,45.25,-120.75,1
270_125,270,125,train,45.0,45.5,-117.5,-117.0,45.25,-117.25,1
270_128,270,128,train,45.0,45.5,-116.0,-115.5,45.25,-115.75,1
270_132,270,132,test,45.0,45.5,-114.0,-113.5,45.25,-113.75,3
270_135,270,135,train,45.0,45.5,-112.5,-112.0,45.25,-112.25,1
270_137,270,137,train,45.0,45.5,-111.5,-111.0,45.25,-111.25,1
270_138,270,138,train,45.0,45.5,-111.0,-110.5,45.25,-110.75,1
270_139,270,139,test,45.0,45.5,-110.5,-110.0,45.25,-110.25,3
270_140,270,140,val,45.0,45.5,-110.0,-109.5,45.25,-109.75,2
270_141,270,141,val,45.0,45.5,-109.5,-109.0,45.25,-109.25,2
270_146,270,146,train,45.0,45.5,-107.0,-106.5,45.25,-106.75,1
270_147,270,147,train,45.0,45.5,-106.5,-106.0,45.25,-106.25,1
270_153,270,153,train,45.0,45.5,-103.5,-103.0,45.25,-103.25,1
271_125,271,125,train,45.5,46.0,-117.5,-117.0,45.75,-117.25,1
271_127,271,127,train,45.5,46.0,-116.5,-116.0,45.75,-116.25,1
271_129,271,129,train,45.5,46.0,-115.5,-115.0,45.75,-115.25,1
271_130,271,130,train,45.5,46.0,-115.0,-114.5,45.75,-114.75,1
271_131,271,131,train,45.5,46.0,-114.5,-114.0,45.75,-114.25,1
271_132,271,132,train,45.5,46.0,-114.0,-113.5,45.75,-113.75,1
271_140,271,140,train,45.5,46.0,-110.0,-109.5,45.75,-109.75,1
271_148,271,148,test,45.5,46.0,-106.0,-105.5,45.75,-105.75,3
271_151,271,151,test,45.5,46.0,-104.5,-104.0,45.75,-104.25,3
271_186,271,186,train,45.5,46.0,-87.0,-86.5,45.75,-86.75,1
272_126,272,126,train,46.0,46.5,-117.0,-116.5,46.25,-116.75,1
272_128,272,128,train,46.0,46.5,-116.0,-115.5,46.25,-115.75,1
272_129,272,129,val,46.0,46.5,-115.5,-115.0,46.25,-115.25,2
272_131,272,131,train,46.0,46.5,-114.5,-114.0,46.25,-114.25,1
272_135,272,135,train,46.0,46.5,-112.5,-112.0,46.25,-112.25,1
272_136,272,136,train,46.0,46.5,-112.0,-111.5,46.25,-111.75,1
272_137,272,137,train,46.0,46.5,-111.5,-111.0,46.25,-111.25,1
272_139,272,139,train,46.0,46.5,-110.5,-110.0,46.25,-110.25,1
272_142,272,142,train,46.0,46.5,-109.0,-108.5,46.25,-108.75,1
272_143,272,143,val,46.0,46.5,-108.5,-108.0,46.25,-108.25,2
272_147,272,147,train,46.0,46.5,-106.5,-106.0,46.25,-106.25,1
272_150,272,150,val,46.0,46.5,-105.0,-104.5,46.25,-104.75,2
272_186,272,186,train,46.0,46.5,-87.0,-86.5,46.25,-86.75,1
272_187,272,187,train,46.0,46.5,-86.5,-86.0,46.25,-86.25,1
272_190,272,190,train,46.0,46.5,-85.0,-84.5,46.25,-84.75,1
273_128,273,128,train,46.5,47.0,-116.0,-115.5,46.75,-115.75,1
273_129,273,129,train,46.5,47.0,-115.5,-115.0,46.75,-115.25,1
273_130,273,130,val,46.5,47.0,-115.0,-114.5,46.75,-114.75,2
273_133,273,133,train,46.5,47.0,-113.5,-113.0,46.75,-113.25,1
273_138,273,138,val,46.5,47.0,-111.0,-110.5,46.75,-110.75,2
273_144,273,144,train,46.5,47.0,-108.0,-107.5,46.75,-107.75,1
273_150,273,150,train,46.5,47.0,-105.0,-104.5,46.75,-104.75,1
274_119,274,119,train,47.0,47.5,-120.5,-120.0,47.25,-120.25,1
274_122,274,122,train,47.0,47.5,-119.0,-118.5,47.25,-118.75,1
274_124,274,124,train,47.0,47.5,-118.0,-117.5,47.25,-117.75,1
274_127,274,127,test,47.0,47.5,-116.5,-116.0,47.25,-116.25,3
274_128,274,128,train,47.0,47.5,-116.0,-115.5,47.25,-115.75,1
274_129,274,129,train,47.0,47.5,-115.5,-115.0,47.25,-115.25,1
274_131,274,131,train,47.0,47.5,-114.5,-114.0,47.25,-114.25,1
274_132,274,132,val,47.0,47.5,-114.0,-113.5,47.25,-113.75,2
274_134,274,134,train,47.0,47.5,-113.0,-112.5,47.25,-112.75,1
274_138,274,138,train,47.0,47.5,-111.0,-110.5,47.25,-110.75,1
274_141,274,141,train,47.0,47.5,-109.5,-109.0,47.25,-109.25,1
274_143,274,143,train,47.0,47.5,-108.5,-108.0,47.25,-108.25,1
275_118,275,118,train,47.5,48.0,-121.0,-120.5,47.75,-120.75,1
275_119,275,119,train,47.5,48.0,-120.5,-120.0,47.75,-120.25,1
275_122,275,122,train,47.5,48.0,-119.0,-118.5,47.75,-118.75,1
275_123,275,123,train,47.5,48.0,-118.5,-118.0,47.75,-118.25,1
275_127,275,127,train,47.5,48.0,-116.5,-116.0,47.75,-116.25,1
275_131,275,131,train,47.5,48.0,-114.5,-114.0,47.75,-114.25,1
275_132,275,132,train,47.5,48.0,-114.0,-113.5,47.75,-113.75,1
275_134,275,134,val,47.5,48.0,-113.0,-112.5,47.75,-112.75,2
275_142,275,142,train,47.5,48.0,-109.0,-108.5,47.75,-108.75,1
275_144,275,144,train,47.5,48.0,-108.0,-107.5,47.75,-107.75,1
275_177,275,177,train,47.5,48.0,-91.5,-91.0,47.75,-91.25,1
275_178,275,178,train,47.5,48.0,-91.0,-90.5,47.75,-90.75,1
276_125,276,125,train,48.0,48.5,-117.5,-117.0,48.25,-117.25,1
276_127,276,127,train,48.0,48.5,-116.5,-116.0,48.25,-116.25,1
276_128,276,128,test,48.0,48.5,-116.0,-115.5,48.25,-115.75,3
276_129,276,129,val,48.0,48.5,-115.5,-115.0,48.25,-115.25,2
276_130,276,130,train,48.0,48.5,-115.0,-114.5,48.25,-114.75,1
276_132,276,132,train,48.0,48.5,-114.0,-113.5,48.25,-113.75,1
276_179,276,179,train,48.0,48.5,-90.5,-90.0,48.25,-90.25,1
277_119,277,119,val,48.5,49.0,-120.5,-120.0,48.75,-120.25,2
277_125,277,125,train,48.5,49.0,-117.5,-117.0,48.75,-117.25,1
277_126,277,126,train,48.5,49.0,-117.0,-116.5,48.75,-116.75,1
277_127,277,127,train,48.5,49.0,-116.5,-116.0,48.75,-116.25,1
277_128,277,128,train,48.5,49.0,-116.0,-115.5,48.75,-115.75,1
277_132,277,132,test,48.5,49.0,-114.0,-113.5,48.75,-113.75,3
301_58,301,58,val,60.5,61.0,-151.0,-150.5,60.75,-150.75,2
303_59,303,59,test,61.5,62.0,-150.5,-150.0,61.75,-150.25,3
303_70,303,70,train,61.5,62.0,-145.0,-144.5,61.75,-144.75,1
304_66,304,66,train,62.0,62.5,-147.0,-146.5,62.25,-146.75,1
304_69,304,69,train,62.0,62.5,-145.5,-145.0,62.25,-145.25,1
306_73,306,73,train,63.0,63.5,-143.5,-143.0,63.25,-143.25,1
307_62,307,62,test,63.5,64.0,-149.0,-148.5,63.75,-148.75,3
308_61,308,61,train,64.0,64.5,-149.5,-149.0,64.25,-149.25,1
309_64,309,64,train,64.5,65.0,-148.0,-147.5,64.75,-147.75,1
